{
  "total_records": 56,
  "successful_records": 56,
  "error_records": 0,
  "by_model_repr": {
    "gpt-5.4|compact|contact-sheet-96": {
      "model": "gpt-5.4",
      "prompt_mode": "compact",
      "representation": "contact-sheet-96",
      "n": 14,
      "accuracy": 0.42857142857142855,
      "correct": 6,
      "feeding_merged_accuracy": 0.42857142857142855,
      "avg_input_tokens": 17788,
      "avg_output_tokens": 203.42857142857142,
      "avg_wall_seconds": 7.394609166641852,
      "median_wall_seconds": 6.983474166598171,
      "errors": 0
    },
    "gpt-5.4|v40|frames-adaptive": {
      "model": "gpt-5.4",
      "prompt_mode": "v40",
      "representation": "frames-adaptive",
      "n": 14,
      "accuracy": 0.7857142857142857,
      "correct": 11,
      "feeding_merged_accuracy": 0.7857142857142857,
      "avg_input_tokens": 28023.785714285714,
      "avg_output_tokens": 146.07142857142858,
      "avg_wall_seconds": 9.312659982092944,
      "median_wall_seconds": 6.873257458442822,
      "errors": 0
    },
    "gpt-5.5|compact|contact-sheet-96": {
      "model": "gpt-5.5",
      "prompt_mode": "compact",
      "representation": "contact-sheet-96",
      "n": 14,
      "accuracy": 0.42857142857142855,
      "correct": 6,
      "feeding_merged_accuracy": 0.42857142857142855,
      "avg_input_tokens": 16924.5,
      "avg_output_tokens": 138.78571428571428,
      "avg_wall_seconds": 6.696882024008248,
      "median_wall_seconds": 6.461565187666565,
      "errors": 0
    },
    "gpt-5.5|v40|frames-adaptive": {
      "model": "gpt-5.5",
      "prompt_mode": "v40",
      "representation": "frames-adaptive",
      "n": 14,
      "accuracy": 0.8571428571428571,
      "correct": 12,
      "feeding_merged_accuracy": 0.8571428571428571,
      "avg_input_tokens": 29408.785714285714,
      "avg_output_tokens": 145.92857142857142,
      "avg_wall_seconds": 7.969715479129393,
      "median_wall_seconds": 7.755201000021771,
      "errors": 0
    }
  },
  "paired": {
    "gpt-5.4|compact|contact-sheet-96_vs_v40|frames-adaptive": {
      "model": "gpt-5.4",
      "prompt_mode": "compact",
      "candidate": "contact-sheet-96",
      "baseline_prompt_mode": "v40",
      "baseline": "frames-adaptive",
      "token_reduction": 0.3652534963920955,
      "accuracy_drop_pp": 35.714285714285715,
      "avg_wall_seconds_delta": -1.9180508154510916
    },
    "gpt-5.5|compact|contact-sheet-96_vs_v40|frames-adaptive": {
      "model": "gpt-5.5",
      "prompt_mode": "compact",
      "candidate": "contact-sheet-96",
      "baseline_prompt_mode": "v40",
      "baseline": "frames-adaptive",
      "token_reduction": 0.4245087109537238,
      "accuracy_drop_pp": 42.857142857142854,
      "avg_wall_seconds_delta": -1.2728334551211447
    }
  },
  "cascade": [
    {
      "model": "gpt-5.4",
      "primary_prompt_mode": "compact",
      "fallback_prompt_mode": "v40",
      "primary_repr": "contact-sheet-96",
      "fallback_repr": "frames-adaptive",
      "threshold": 0.5,
      "n": 14,
      "fallback_rate": 0.07142857142857142,
      "accuracy": 0.5,
      "token_reduction": 0.3051642354836325,
      "avg_wall_seconds": 7.844192690482097
    },
    {
      "model": "gpt-5.4",
      "primary_prompt_mode": "compact",
      "fallback_prompt_mode": "v40",
      "primary_repr": "contact-sheet-96",
      "fallback_repr": "frames-adaptive",
      "threshold": 0.6,
      "n": 14,
      "fallback_rate": 0.14285714285714285,
      "accuracy": 0.5,
      "token_reduction": 0.22196960235310315,
      "avg_wall_seconds": 9.83480221136207
    },
    {
      "model": "gpt-5.4",
      "primary_prompt_mode": "compact",
      "fallback_prompt_mode": "v40",
      "primary_repr": "contact-sheet-96",
      "fallback_repr": "frames-adaptive",
      "threshold": 0.7,
      "n": 14,
      "fallback_rate": 0.2857142857142857,
      "accuracy": 0.5,
      "token_reduction": 0.05566699716822188,
      "avg_wall_seconds": 10.967090613108926
    },
    {
      "model": "gpt-5.4",
      "primary_prompt_mode": "compact",
      "fallback_prompt_mode": "v40",
      "primary_repr": "contact-sheet-96",
      "fallback_repr": "frames-adaptive",
      "threshold": 0.8,
      "n": 14,
      "fallback_rate": 0.5714285714285714,
      "accuracy": 0.5714285714285714,
      "token_reduction": -0.2538761715175628,
      "avg_wall_seconds": 13.316436315487538
    },
    {
      "model": "gpt-5.4",
      "primary_prompt_mode": "compact",
      "fallback_prompt_mode": "v40",
      "primary_repr": "contact-sheet-96",
      "fallback_repr": "frames-adaptive",
      "threshold": 0.9,
      "n": 14,
      "fallback_rate": 0.6428571428571429,
      "accuracy": 0.6428571428571429,
      "token_reduction": -0.31833926791781475,
      "avg_wall_seconds": 13.764920276756
    },
    {
      "model": "gpt-5.5",
      "primary_prompt_mode": "compact",
      "fallback_prompt_mode": "v40",
      "primary_repr": "contact-sheet-96",
      "fallback_repr": "frames-adaptive",
      "threshold": 0.5,
      "n": 14,
      "fallback_rate": 0.0,
      "accuracy": 0.42857142857142855,
      "token_reduction": 0.4245087109537238,
      "avg_wall_seconds": 6.696882024008248
    },
    {
      "model": "gpt-5.5",
      "primary_prompt_mode": "compact",
      "fallback_prompt_mode": "v40",
      "primary_repr": "contact-sheet-96",
      "fallback_repr": "frames-adaptive",
      "threshold": 0.6,
      "n": 14,
      "fallback_rate": 0.14285714285714285,
      "accuracy": 0.5,
      "token_reduction": 0.28124491466349943,
      "avg_wall_seconds": 7.751535696576217
    },
    {
      "model": "gpt-5.5",
      "primary_prompt_mode": "compact",
      "fallback_prompt_mode": "v40",
      "primary_repr": "contact-sheet-96",
      "fallback_repr": "frames-adaptive",
      "threshold": 0.7,
      "n": 14,
      "fallback_rate": 0.2857142857142857,
      "accuracy": 0.5714285714285714,
      "token_reduction": 0.15940085931560788,
      "avg_wall_seconds": 8.721307262013267
    },
    {
      "model": "gpt-5.5",
      "primary_prompt_mode": "compact",
      "fallback_prompt_mode": "v40",
      "primary_repr": "contact-sheet-96",
      "fallback_repr": "frames-adaptive",
      "threshold": 0.8,
      "n": 14,
      "fallback_rate": 0.7142857142857143,
      "accuracy": 0.6428571428571429,
      "token_reduction": -0.31483060212812974,
      "avg_wall_seconds": 12.34342803882568
    },
    {
      "model": "gpt-5.5",
      "primary_prompt_mode": "compact",
      "fallback_prompt_mode": "v40",
      "primary_repr": "contact-sheet-96",
      "fallback_repr": "frames-adaptive",
      "threshold": 0.9,
      "n": 14,
      "fallback_rate": 0.9285714285714286,
      "accuracy": 0.8571428571428571,
      "token_reduction": -0.510879887691482,
      "avg_wall_seconds": 14.023195012073431
    }
  ]
}
